<?xml version="1.0"?>
<doc>
    <assembly>
        <name>DezyneSocketThread</name>
    </assembly>
    <members>
        <member name="T:DezyneSocketThread.Threading.DezyneThread">
            <summary>
            Class used to communicate with a Unity application for a Dezyne model.
            Instances of this class can manage sending and receiving messages through queues, and will delegate events to listeners.
            See: <seealso cref="M:DezyneSocketThread.Threading.DezyneThread.Subscribe(System.String,System.Action{DMUNetworkData.NetworkMessage})"/>, <seealso cref="E:DezyneSocketThread.Threading.DezyneThread.OnMessageReceived"/>, <seealso cref="E:DezyneSocketThread.Threading.DezyneThread.OnMessageSend"/>.
            </summary>
        </member>
        <member name="M:DezyneSocketThread.Threading.DezyneThread.StartThread">
            <summary>
            Starts the thread. See <see cref="M:DezyneSocketThread.Threading.DezyneThread.HandleConnection"/>.
            </summary>
        </member>
        <member name="M:DezyneSocketThread.Threading.DezyneThread.StopThread">
            <summary>
            Terminates the connection thread.
            </summary>
        </member>
        <member name="M:DezyneSocketThread.Threading.DezyneThread.HandleConnection">
            <summary>
            Handles the connection. Receives messages and delegates them to listeners, and sends pending messages.
            </summary>
        </member>
        <member name="M:DezyneSocketThread.Threading.DezyneThread.StreamToMessage">
            <summary>
            Receive a message from the connected client, and delegates it to listeners.
            </summary>
            <returns>Received NetworkMessage.</returns>
        </member>
        <member name="M:DezyneSocketThread.Threading.DezyneThread.AddSendMessage(DMUNetworkData.NetworkMessage)">
            <summary>
            Queues a message. It will be sent to the client, assuming a connection is made.
            </summary>
            <param name="message">Message to send.</param>
        </member>
        <member name="M:DezyneSocketThread.Threading.DezyneThread.SendMessage(DMUNetworkData.NetworkMessage)">
            <summary>
            Sends a message to the client.
            </summary>
            <param name="message">Message to send.</param>
        </member>
        <member name="M:DezyneSocketThread.Threading.DezyneThread.ToString">
            <summary>
            Message for logging. "ThreadID: id"
            </summary>
            <returns>Logging message.</returns>
        </member>
        <member name="T:DezyneSocketThread.Threading.DezyneThread.OnMessageReceivedEventHandler">
            <summary>
            Delegate for handling received messages.
            </summary>
            <param name="sender">The DezyneThread object.</param>
            <param name="message">Received message.</param>
        </member>
        <member name="T:DezyneSocketThread.Threading.DezyneThread.OnMessageSendEventHandler">
            <summary>
            Delegate for handling messages after they are sent (but may not yet be received!).
            </summary>
            <param name="sender">The DezyneThread object.</param>
            <param name="message">Sent message.</param>
        </member>
        <member name="M:DezyneSocketThread.Threading.DezyneThread.Subscribe(System.String,System.Action{DMUNetworkData.NetworkMessage})">
            <summary>
            Adds a message handler. <see cref="!:DznMessageReceiver.DznMessageHandler.Event"/> is invoked when this connector receives the message <see cref="!:DznMessageReceiver.DznMessageHandler.Message"/>.
            The message is case sensitive if <see cref="!:CaseSensitive"/> is set.
            </summary>
            <param name="messageHandler">Message handler to subscribe.</param>
        </member>
        <member name="M:DezyneSocketThread.Threading.DezyneThread.Unsubscribe(System.String,System.Action{DMUNetworkData.NetworkMessage})">
            <summary>
            Removes a message handler. The event will no longer be invoked when this connector receives the message <see cref="!:DznMessageReceiver.DznMessageHandler.Message"/>.
            </summary>
            <param name="messageHandler">Message handler to unsubscribe.</param>
        </member>
        <member name="M:DezyneSocketThread.Threading.DezyneThread.BytesToInt(System.Byte[])">
            <summary>
            Converts an int32 stored in 4 bytes (big-endian order) to an int.
            </summary>
            <param name="bytes">4 bytes.</param>
            <returns>Int.</returns>
        </member>
        <member name="M:DezyneSocketThread.Threading.DezyneThread.IntToBytes(System.Int32)">
            <summary>
            Converts an int32 to 4 bytes in big-endian order.
            </summary>
            <param name="i"></param>
            <returns>Bytes in big-endian order.</returns>
        </member>
        <member name="T:DezyneSocketThread.Socket.SocketListener">
            <summary>
            Helper class for starting a TCP server and accepting connections.
            See <see cref="M:DezyneSocketThread.Socket.SocketListener.StartServer(System.String,System.Int32)"/>.
            </summary>
        </member>
        <member name="M:DezyneSocketThread.Socket.SocketListener.AwaitConnection(System.String,System.Int32)">
            <summary>
            Starts a <see cref="T:System.Net.Sockets.TcpListener"/> server on the given address and port.
            Awaits and returns the first connection.
            This is an alternative to calling <seealso cref="M:DezyneSocketThread.Socket.SocketListener.StartServer(System.String,System.Int32)"/> followed by <seealso cref="M:DezyneSocketThread.Socket.SocketListener.AwaitConnection"/>.
            </summary>
            <param name="ip">Local IP address of server (usually 127.0.0.1).</param>
            <param name="port">Port number.</param>
            <returns>Connection handler.</returns>
        </member>
        <member name="M:DezyneSocketThread.Socket.SocketListener.AwaitConnection">
            <summary>
            Awaits a new connection, and returns the handler.
            </summary>
            <returns>Connection handler.</returns>
        </member>
        <member name="M:DezyneSocketThread.Socket.SocketListener.StartServer(System.String,System.Int32)">
            <summary>
            Starts a <see cref="T:System.Net.Sockets.TcpListener"/> server on the given address and port.
            The server is idle until a connection is accepted (see <seealso cref="M:DezyneSocketThread.Socket.SocketListener.AwaitConnection"/>).
            </summary>
            <param name="ip">Local IP address of server (usually 127.0.0.1).</param>
            <param name="port">Port number.</param>
        </member>
    </members>
</doc>
